1,#kids,4,2017-11-17 06:26:04,2017-11-17 06:29:14,1,0
2,#sex,4,2017-11-17 06:26:04,2017-11-17 06:29:14,1,0
3,#interrupted,4,2017-11-17 06:26:04,2017-11-17 06:29:14,1,0
4,#funnymemes,4,2017-11-17 06:26:04,2017-11-17 06:29:14,1,0
5,#funnyvideos,4,2017-11-17 06:26:04,2017-11-17 06:29:14,1,0
6,#playing,4,2017-11-17 06:26:04,2017-11-17 06:29:14,1,0
7,#parents,4,2017-11-17 06:26:04,2017-11-17 06:29:14,1,0
8,#parenting,4,2017-11-17 06:26:04,2017-11-17 06:29:14,1,0
9,#parenthood,4,2017-11-17 06:26:04,2017-11-17 06:29:14,1,0
10,#girls,4,2017-11-17 06:26:04,2017-11-17 06:29:14,1,0
11,#guys,4,2017-11-17 06:26:04,2017-11-17 06:29:14,1,0
12,#datenight,4,2017-11-17 06:26:04,2017-11-17 06:29:14,1,0
13,#dating,4,2017-11-17 06:26:04,2017-11-17 06:29:14,1,0
14,#atlanta,4,2017-11-17 06:26:04,2017-11-17 06:29:14,1,0
15,#mondaymotivation,4,2017-11-17 06:26:04,2017-11-17 06:29:14,1,0
16,#mondays,4,2017-11-17 06:26:04,2017-11-17 06:29:14,1,0
17,#highlights,4,2017-11-17 06:26:04,2017-11-17 06:29:14,1,0
18,#boy,4,2017-11-17 06:26:04,2017-11-17 06:29:14,1,0
19,#boyfriend,4,2017-11-17 06:26:04,2017-11-17 06:29:14,1,0
20,#laughs,4,2017-11-17 06:26:04,2017-11-17 06:29:14,1,0
21,#craving,4,2017-11-17 06:26:04,2017-11-17 06:29:14,1,0
22,#repost,4,2017-11-17 06:26:04,2017-11-17 06:29:14,1,0
23,#relationshipgoals,4,2017-11-17 06:26:04,2017-11-17 06:29:14,1,0
24,#couplegoals,4,2017-11-17 06:26:04,2017-11-17 06:29:14,1,0
25,#girlfriends,4,2017-11-17 06:26:04,2017-11-17 06:29:14,1,0
26,#calvinklein,4,2017-11-17 06:26:04,2017-11-17 06:29:14,1,0
27,#cheating,4,2017-11-17 06:26:04,2017-11-17 06:29:14,1,0
28,#memesdaily,4,2017-11-17 06:26:04,2017-11-17 06:29:14,1,0
29,#comedy,4,2017-11-17 06:26:04,2017-11-17 06:29:14,1,0
30,#brysontiller,4,2017-11-17 06:26:04,2017-11-17 06:29:14,1,0
31,#webifica,4,2017-11-17 06:26:04,2017-11-17 06:29:14,1,0
32,#CEOkid,4,2017-11-17 06:26:04,2017-11-17 06:29:14,1,0
33,#kidCEO,4,2017-11-17 06:26:04,2017-11-17 06:29:14,1,0
34,#ndstry,4,2017-11-17 06:26:04,2017-11-17 06:29:14,1,0
35,#yourhealthmatters,4,2017-11-17 06:26:04,2017-11-17 06:29:14,1,0
36,#lifestylefromtheheart,4,2017-11-17 06:26:04,2017-11-17 06:29:14,1,0
37,#mystoryinchina,4,2017-11-17 06:26:04,2017-11-17 06:29:14,1,0
38,#kingprideinsurance,4,2017-11-17 06:26:04,2017-11-17 06:29:14,1,0
39,#dellapennafashion,4,2017-11-17 06:26:04,2017-11-17 06:29:14,1,0
40,#thevitaminpatch,4,2017-11-17 06:26:04,2017-11-17 06:29:14,1,0
41,#twerk,4,2017-11-17 06:26:04,2017-11-17 06:29:14,1,0
42,#bmcmitra,4,2017-11-17 06:26:04,2017-11-17 06:29:14,1,0
43,#whatcollegedoesnotteach,4,2017-11-17 06:26:04,2017-11-17 06:29:14,1,0
44,#smashthestruggle,4,2017-11-17 06:26:04,2017-11-17 06:29:14,1,0
45,#hustleisreal,4,2017-11-17 06:26:04,2017-11-17 06:29:14,1,0
46,#studentsuccessu,4,2017-11-17 06:26:04,2017-11-17 06:29:14,1,0
47,#studentsuccesspodcast,4,2017-11-17 06:26:04,2017-11-17 06:29:14,1,0
48,#uhelpuswehelpu,4,2017-11-17 06:26:04,2017-11-17 06:29:14,1,0
49,#PARTNERSNOTPOCKETS,4,2017-11-17 06:26:04,2017-11-17 06:29:14,1,0
50,#milesofsmiles2018,4,2017-11-17 06:26:04,2017-11-17 06:29:14,1,0
51,#staceyssmiles,4,2017-11-17 06:26:04,2017-11-17 06:29:14,1,0
52,#comedy4smiles,4,2017-11-17 06:26:04,2017-11-17 06:29:14,1,0
53,#BrilliantBizBook,4,2017-11-17 06:26:04,2017-11-17 06:29:14,1,0
54,#BrilliantBook,4,2017-11-17 06:26:04,2017-11-17 06:29:14,1,0
55,#BrilliantBusiness,4,2017-11-17 06:26:04,2017-11-17 06:29:14,1,0
56,#CymonSkinner,4,2017-11-17 06:26:04,2017-11-17 06:29:14,1,0
57,#peopleofpolo,4,2017-11-17 06:26:04,2017-11-17 06:29:14,1,0
58,#EastGrinsteadPhotographer,4,2017-11-17 06:26:04,2017-11-17 06:29:14,1,0
59,#mypaintpartyrocks,4,2017-11-17 06:26:04,2017-11-17 06:29:14,1,0
60,#Adventuresinrealestate,4,2017-11-17 06:26:04,2017-11-17 06:29:14,1,0
61,#ThePluggedInn,4,2017-11-17 06:26:04,2017-11-17 06:29:14,1,0
62,#PurposeDrivenNutrition,4,2017-11-17 06:26:04,2017-11-17 06:29:14,1,0
63,#goodnessworldwide,4,2017-11-17 06:26:04,2017-11-17 06:29:14,1,0
64,#skateVNOquads,4,2017-11-17 06:26:04,2017-11-17 06:29:14,1,0
65,#mylittlebanker,4,2017-11-17 06:26:04,2017-11-17 06:29:14,1,0
66,#lihan,4,2017-11-17 06:26:04,2017-11-17 06:29:14,1,0
67,#Fallintocolor,4,2017-11-17 06:26:04,2017-11-17 06:29:14,1,0
68,#LeaveNoChildBehind,4,2017-11-17 06:26:04,2017-11-17 06:29:14,1,0
69,#SYTPS,4,2017-11-17 06:26:04,2017-11-17 06:29:14,1,0
70,#millo,4,2017-11-17 06:26:04,2017-11-17 06:29:14,1,0
71,#taestytuesdays,4,2017-11-17 06:26:04,2017-11-17 06:29:14,1,0
72,#Cupcakedoctor,4,2017-11-17 06:26:04,2017-11-17 06:29:14,1,0
73,#wusa,4,2017-11-17 06:26:04,2017-11-17 06:29:14,1,0
74,#thesongwriterthathappenstosing,4,2017-11-17 06:26:04,2017-11-17 06:29:14,1,0
75,#fashionyourfuture,4,2017-11-17 06:26:04,2017-11-17 06:29:14,1,0
76,#byherside,4,2017-11-17 06:26:04,2017-11-17 06:29:14,1,0
77,#Legsation,4,2017-11-17 06:26:04,2017-11-17 06:29:14,1,0
78,#EmpoweringPeople,4,2017-11-17 06:26:04,2017-11-17 06:29:14,1,0
79,#educate4hope,4,2017-11-17 06:26:04,2017-11-17 06:29:14,1,0
80,#horrorcookingshow,4,2017-11-17 06:26:04,2017-11-17 06:29:14,1,0
81,#WorldCrazyArt,4,2017-11-17 06:26:04,2017-11-17 06:29:14,1,0
82,#GHRaidersChat,4,2017-11-17 06:26:04,2017-11-17 06:29:14,1,0
83,#AbuseTalk,4,2017-11-17 06:26:04,2017-11-17 06:29:14,1,0
84,#SASUMMERCHALLENGE,4,2017-11-17 06:26:04,2017-11-17 06:29:14,1,0
85,#CelebrityVideoVixen,4,2017-11-17 06:26:04,2017-11-17 06:29:14,1,0
86,#thebathstudio,4,2017-11-17 06:26:04,2017-11-17 06:29:14,1,0
87,#elitecargroupllc,4,2017-11-17 06:26:04,2017-11-17 06:29:14,1,0
88,#socialmediastorm,4,2017-11-17 06:26:04,2017-11-17 06:29:14,1,0
89,#Hickster,4,2017-11-17 06:26:04,2017-11-17 06:29:14,1,0
90,#FallfortheCanitias,4,2017-11-17 06:26:04,2017-11-17 06:29:14,1,0
91,#N8CoffeeArt,4,2017-11-17 06:26:04,2017-11-17 06:29:14,1,0
92,#DigitalLifestyling,4,2017-11-17 06:26:04,2017-11-17 06:29:14,1,0
93,#IsolationJunction,4,2017-11-17 06:26:04,2017-11-17 06:29:14,1,0
94,#classact2017,4,2017-11-17 06:26:04,2017-11-17 06:29:14,1,0
95,#Cheerleaderonthego,4,2017-11-17 06:26:04,2017-11-17 06:29:14,1,0
96,#NONCONFORMIST,4,2017-11-17 06:26:04,2017-11-17 06:29:14,1,0
97,#HurricaneIrmaAfterParty,4,2017-11-17 06:26:04,2017-11-17 06:29:14,1,0
98,#BrightnessofTheRose,4,2017-11-17 06:26:04,2017-11-17 06:29:14,1,0
99,#rodneyrocks,4,2017-11-17 06:26:04,2017-11-17 06:29:14,1,0
100,#santabelievesinyou,4,2017-11-17 06:26:04,2017-11-17 06:29:14,1,0
101,#WePutTheWTHinHairGrowth,4,2017-11-17 06:26:04,2017-11-17 06:29:14,1,0
102,#AxullyArt,4,2017-11-17 06:26:04,2017-11-17 06:29:14,1,0
103,#manweaveconnect,4,2017-11-17 06:26:04,2017-11-17 06:29:14,1,0
104,#5c44,4,2017-11-17 06:26:04,2017-11-17 06:29:14,1,0
105,#teamnosleepaz,4,2017-11-17 06:26:04,2017-11-17 06:29:14,1,0
106,#Activate4Autism,4,2017-11-17 06:26:04,2017-11-17 06:29:14,1,0
107,#rocklyfter,4,2017-11-17 06:26:04,2017-11-17 06:29:14,1,0
108,#BlackProfessionalsOnline,4,2017-11-17 06:26:04,2017-11-17 06:29:14,1,0
109,#eatsweetpotato,4,2017-11-17 06:26:04,2017-11-17 06:29:14,1,0
110,#HempwellnessCBD,4,2017-11-17 06:26:04,2017-11-17 06:29:14,1,0
111,#yesitspossible,4,2017-11-17 06:26:04,2017-11-17 06:29:14,1,0
112,#ChooseToHelp,4,2017-11-17 06:26:04,2017-11-17 06:29:14,1,0
113,#Iwillride,4,2017-11-17 06:26:04,2017-11-17 06:29:14,1,0
114,#HunterSJones,4,2017-11-17 06:26:04,2017-11-17 06:29:14,1,0
115,#Heynachocat,4,2017-11-17 06:26:04,2017-11-17 06:29:14,1,0
116,#daddysgirlpublications,4,2017-11-17 06:26:04,2017-11-17 06:29:14,1,0
117,#oneandonlytattooco,4,2017-11-17 06:26:04,2017-11-17 06:29:14,1,0
118,#Luvindfw,4,2017-11-17 06:26:04,2017-11-17 06:29:14,1,0
119,#newnoteworthy,4,2017-11-17 06:26:04,2017-11-17 06:29:14,1,0
120,#2bethebestme,4,2017-11-17 06:26:04,2017-11-17 06:29:14,1,0
121,#freeme,4,2017-11-17 06:26:04,2017-11-17 06:29:14,1,0
122,#Floridastrong,4,2017-11-17 06:26:04,2017-11-17 06:29:14,1,0
123,#LifeSource,4,2017-11-17 06:26:04,2017-11-17 06:29:14,1,0
124,#Stunt214,4,2017-11-17 06:26:04,2017-11-17 06:29:14,1,0
125,#catchthewave,4,2017-11-17 06:26:04,2017-11-17 06:29:14,1,0
126,#bipolaaa,4,2017-11-17 06:26:04,2017-11-17 06:29:14,1,0
127,#indiepicksmag,4,2017-11-17 06:26:04,2017-11-17 06:29:14,1,0
128,#theblogging911,4,2017-11-17 06:26:04,2017-11-17 06:29:14,1,0
129,#TrumpNews,4,2017-11-17 06:26:04,2017-11-17 06:29:14,1,0
130,#inspiration2empower,4,2017-11-17 06:26:04,2017-11-17 06:29:14,1,0
131,#MarylDelzellRealtor,4,2017-11-17 06:26:04,2017-11-17 06:29:14,1,0
132,#FlashFloodRusticSoaps,4,2017-11-17 06:26:04,2017-11-17 06:29:14,1,0
133,#sparkadream,4,2017-11-17 06:26:04,2017-11-17 06:29:14,1,0
134,#myeclecticabode,4,2017-11-17 06:26:04,2017-11-17 06:29:14,1,0
135,#Wilsonwedding2017,4,2017-11-17 06:26:04,2017-11-17 06:29:14,1,0
136,#Cannotcomplainifyouarehere,4,2017-11-17 06:26:04,2017-11-17 06:29:14,1,0
137,#Threadlife,4,2017-11-17 06:26:04,2017-11-17 06:29:14,1,0
138,#postcardsfromparadise,4,2017-11-17 06:26:04,2017-11-17 06:29:14,1,0
139,#DDTRESCUEME,4,2017-11-17 06:26:04,2017-11-17 06:29:14,1,0
140,#LoveHasNoWaistSize,4,2017-11-17 06:26:04,2017-11-17 06:29:14,1,0
141,#nottinghamshire,4,2017-11-17 06:26:04,2017-11-17 06:29:14,1,0
142,#authorshustleharder,4,2017-11-17 06:26:04,2017-11-17 06:29:14,1,0
143,#WAGIFTS,4,2017-11-17 06:26:04,2017-11-17 06:29:14,1,0
144,#UPTHECRUES,4,2017-11-17 06:26:04,2017-11-17 06:29:14,1,0
145,#Arizonarealtor,4,2017-11-17 06:26:04,2017-11-17 06:29:14,1,0
146,#thebeautyrejuvenator,4,2017-11-17 06:26:04,2017-11-17 06:29:14,1,0
147,#nourishyourflora,4,2017-11-17 06:26:04,2017-11-17 06:29:14,1,0
148,#parecovers,4,2017-11-17 06:26:04,2017-11-17 06:29:14,1,0
149,#metalgalaxy,4,2017-11-17 06:26:04,2017-11-17 06:29:14,1,0
150,#OneMillionStrong,4,2017-11-17 06:26:04,2017-11-17 06:29:14,1,0
151,#ChildCaremillionaire,4,2017-11-17 06:26:04,2017-11-17 06:29:14,1,0
152,#cmomoves,4,2017-11-17 06:26:04,2017-11-17 06:29:14,1,0
153,#ecolodge,4,2017-11-17 06:26:04,2017-11-17 06:29:14,1,0
154,#ssbbw,4,2017-11-17 06:26:04,2017-11-17 06:29:14,1,0
155,#infantitems,4,2017-11-17 06:26:04,2017-11-17 06:29:14,1,0
156,#needwater,4,2017-11-17 06:26:04,2017-11-17 06:29:14,1,0
157,#needfood,4,2017-11-17 06:26:04,2017-11-17 06:29:14,1,0
158,#sendhelp,4,2017-11-17 06:26:04,2017-11-17 06:29:14,1,0
159,#metalgina,4,2017-11-17 06:26:04,2017-11-17 06:29:14,1,0
160,#hairhealthhappiness,4,2017-11-17 06:26:04,2017-11-17 06:29:14,1,0
161,#ReachEngageAmplify,4,2017-11-17 06:26:04,2017-11-17 06:29:14,1,0
162,#FreshStart4SWEK,4,2017-11-17 06:26:04,2017-11-17 06:29:14,1,0
163,#warmaiden,4,2017-11-17 06:26:04,2017-11-17 06:29:14,1,0
164,#shesupcelebration,4,2017-11-17 06:26:04,2017-11-17 06:29:14,1,0
165,#shesupsocial,4,2017-11-17 06:26:04,2017-11-17 06:29:14,1,0
166,#movingyouforward,4,2017-11-17 06:26:04,2017-11-17 06:29:14,1,0
167,#shoutoutsaturday,4,2017-11-17 06:26:04,2017-11-17 06:29:14,1,0
168,#funnyfriday,4,2017-11-17 06:26:04,2017-11-17 06:29:14,1,0
169,#spiritfilledsunday,4,2017-11-17 06:26:04,2017-11-17 06:29:14,1,0
170,#motivateyourselfmonday,4,2017-11-17 06:26:04,2017-11-17 06:29:14,1,0
171,#wisdomsharingwednesday,4,2017-11-17 06:26:04,2017-11-17 06:29:14,1,0
172,#tellyourstorythursday,4,2017-11-17 06:26:04,2017-11-17 06:29:14,1,0
173,#tossbacktuesday,4,2017-11-17 06:26:04,2017-11-17 06:29:14,1,0
174,#tellyourstorythursdays,4,2017-11-17 06:26:04,2017-11-17 06:29:14,1,0
175,#ohhellshesup,4,2017-11-17 06:26:04,2017-11-17 06:29:14,1,0
176,#tossbackthursdays,4,2017-11-17 06:26:04,2017-11-17 06:29:14,1,0
177,#healthadvocate,4,2017-11-17 06:26:04,2017-11-17 06:29:14,1,0
178,#gutinsurance,4,2017-11-17 06:26:04,2017-11-17 06:29:14,1,0
179,#OGSAREFOREVER,4,2017-11-17 06:26:04,2017-11-17 06:29:14,1,0
180,#KTMHGrief,4,2017-11-17 06:26:04,2017-11-17 06:29:14,1,0
181,#resultsthatmoveyou,4,2017-11-17 06:26:04,2017-11-17 06:29:14,1,0
182,#blowntosea,4,2017-11-17 06:26:04,2017-11-17 06:29:14,1,0
183,#WYSHistory,4,2017-11-17 06:26:04,2017-11-17 06:29:14,1,0
184,#alanandalana,4,2017-11-17 06:26:04,2017-11-17 06:29:14,1,0
185,#BluewaterGlobe,4,2017-11-17 06:26:04,2017-11-17 06:29:14,1,0
186,#lalbaugcharaja,4,2017-11-17 06:26:04,2017-11-17 06:29:14,1,0
187,#livingsimplyrich,4,2017-11-17 06:26:04,2017-11-17 06:29:14,1,0
188,#alpiphanies,4,2017-11-17 06:26:04,2017-11-17 06:29:14,1,0
189,#Thanks4Kindness,4,2017-11-17 06:26:04,2017-11-17 06:29:14,1,0
190,#dirtyjoes,4,2017-11-17 06:26:04,2017-11-17 06:29:14,1,0
191,#grampreneur,4,2017-11-17 06:26:04,2017-11-17 06:29:14,1,0
192,#legacygrampreneur,4,2017-11-17 06:26:04,2017-11-17 06:29:14,1,0
193,#PlayfullyPresent,4,2017-11-17 06:26:04,2017-11-17 06:29:14,1,0
194,#PlayfulPresence,4,2017-11-17 06:26:04,2017-11-17 06:29:14,1,0
195,#haikujim,4,2017-11-17 06:26:04,2017-11-17 06:29:14,1,0
196,#customsizebabysheets,4,2017-11-17 06:26:04,2017-11-17 06:29:14,1,0
197,#HugeBlessings,4,2017-11-17 06:26:04,2017-11-17 06:29:14,1,0
198,#midlandmortgage,4,2017-11-17 06:26:04,2017-11-17 06:29:14,1,0
199,#Littlebigtshirts,4,2017-11-17 06:26:04,2017-11-17 06:29:14,1,0
200,#HeadOfHouseSold,4,2017-11-17 06:26:04,2017-11-17 06:29:14,1,0
201,#UPYAHOOP,4,2017-11-17 06:26:04,2017-11-17 06:29:14,1,0
202,#HELLOSLUTS,4,2017-11-17 06:26:04,2017-11-17 06:29:14,1,0
203,#SmartbridgeBIChat,4,2017-11-17 06:26:04,2017-11-17 06:29:14,1,0
204,#Hairextensionsintoronto,4,2017-11-17 06:26:04,2017-11-17 06:29:14,1,0
205,#teachingsothelearningsticks,4,2017-11-17 06:26:04,2017-11-17 06:29:14,1,0
206,#KTMHChat,4,2017-11-17 06:26:04,2017-11-17 06:29:14,1,0
207,#thebigbantershow,4,2017-11-17 06:26:04,2017-11-17 06:29:14,1,0
208,#stressless,4,2017-11-17 06:26:04,2017-11-17 06:29:14,1,0
209,#plasticocean,4,2017-11-17 06:26:04,2017-11-17 06:29:14,1,0
210,#AchieveYourVision,4,2017-11-17 06:26:04,2017-11-17 06:29:14,1,0
211,#womeninprojectmanagement,4,2017-11-17 06:26:04,2017-11-17 06:29:14,1,0
212,#MauryTNHomes,4,2017-11-17 06:26:04,2017-11-17 06:29:14,1,0
213,#BTSW,4,2017-11-17 06:26:04,2017-11-17 06:29:14,1,0
214,#HausOfStyleInc,4,2017-11-17 06:26:04,2017-11-17 06:29:14,1,0
215,#MyBigAsk,4,2017-11-17 06:26:04,2017-11-17 06:29:14,1,0
216,#springfieldlakesagent,4,2017-11-17 06:26:04,2017-11-17 06:29:14,1,0
217,#alankuss,4,2017-11-17 06:26:04,2017-11-17 06:29:14,1,0
218,#nofusswithalankuss,4,2017-11-17 06:26:04,2017-11-17 06:29:14,1,0
219,#ClivenBundy,4,2017-11-17 06:26:04,2017-11-17 06:29:14,1,0
220,#BundyTrials,4,2017-11-17 06:26:04,2017-11-17 06:29:14,1,0
221,#bundy,4,2017-11-17 06:26:04,2017-11-17 06:29:14,1,0
222,#awakenedparent,4,2017-11-17 06:26:04,2017-11-17 06:29:14,1,0
223,#realtygoddess,4,2017-11-17 06:26:04,2017-11-17 06:29:14,1,0
224,#bitacorablog,4,2017-11-17 06:26:04,2017-11-17 06:29:14,1,0
225,#JuniorClubRastignano,4,2017-11-17 06:26:04,2017-11-17 06:29:14,1,0
226,#VisitSarajevo,4,2017-11-17 06:26:04,2017-11-17 06:29:14,1,0
227,#DOMORENOW,4,2017-11-17 06:26:04,2017-11-17 06:29:14,1,0
228,#ShabMaze,4,2017-11-17 06:26:04,2017-11-17 06:29:14,1,0
229,#adventuremanifesto,4,2017-11-17 06:26:04,2017-11-17 06:29:14,1,0
230,#B2BWhaleHunters,4,2017-11-17 06:26:04,2017-11-17 06:29:14,1,0
231,#iamyourbroker,4,2017-11-17 06:26:04,2017-11-17 06:29:14,1,0
232,#realestatecat,4,2017-11-17 06:26:04,2017-11-17 06:29:14,1,0
233,#Teambellissamababes,4,2017-11-17 06:26:04,2017-11-17 06:29:14,1,0
234,#thepowerofastory,4,2017-11-17 06:26:04,2017-11-17 06:29:14,1,0
235,#MultiplyMyROI,4,2017-11-17 06:26:04,2017-11-17 06:29:14,1,0
236,#Taviestyles,4,2017-11-17 06:26:04,2017-11-17 06:29:14,1,0
237,#opencarry,4,2017-11-17 06:26:04,2017-11-17 06:29:14,1,0
238,#theinspiredretreat,4,2017-11-17 06:26:04,2017-11-17 06:29:14,1,0
239,#somedayfamous,4,2017-11-17 06:26:04,2017-11-17 06:29:14,1,0
240,#personalisedpebbles,4,2017-11-17 06:26:04,2017-11-17 06:29:14,1,0
241,#jjsfusion,4,2017-11-17 06:26:04,2017-11-17 06:29:14,1,0
242,#YTWP,4,2017-11-17 06:26:04,2017-11-17 06:29:14,1,0
243,#PowerofR3cruiting,4,2017-11-17 06:26:04,2017-11-17 06:29:14,1,0
244,#MontessoriFromTheHeart,4,2017-11-17 06:26:04,2017-11-17 06:29:14,1,0
245,#Bigbenchallenge,4,2017-11-17 06:26:04,2017-11-17 06:29:14,1,0
246,#careerlifealchemy,4,2017-11-17 06:26:04,2017-11-17 06:29:14,1,0
247,#Itshowyouplaythegame,4,2017-11-17 06:26:04,2017-11-17 06:29:14,1,0
248,#TheOriginalSwirlNation,4,2017-11-17 06:26:04,2017-11-17 06:29:14,1,0
249,#Mysupps,4,2017-11-17 06:26:04,2017-11-17 06:29:14,1,0
250,#moonfirelounge,4,2017-11-17 06:26:04,2017-11-17 06:29:14,1,0
251,#miscegenation,4,2017-11-17 06:26:04,2017-11-17 06:29:14,1,0
252,#Theofficialswirlmatchmaker,4,2017-11-17 06:26:04,2017-11-17 06:29:14,1,0
253,#USAmuscle,4,2017-11-17 06:26:04,2017-11-17 06:29:14,1,0
254,#2018Books,4,2017-11-17 06:26:04,2017-11-17 06:29:14,1,0
255,#RIGHTTRAXTRAINING,4,2017-11-17 06:26:04,2017-11-17 06:29:14,1,0
256,#tagfromtheheart,4,2017-11-17 06:26:04,2017-11-17 06:29:14,1,0
257,#doitagain,4,2017-11-17 06:26:04,2017-11-17 06:29:14,1,0
258,#EMLC,4,2017-11-17 06:26:04,2017-11-17 06:29:14,1,0
259,#PreventDiabetes,4,2017-11-17 06:26:04,2017-11-17 06:29:14,1,0
260,#jackthestalkercat1,4,2017-11-17 06:26:04,2017-11-17 06:29:14,1,0
261,#daretobemore,4,2017-11-17 06:26:04,2017-11-17 06:29:14,1,0
262,#Comeandtakeem,4,2017-11-17 06:26:04,2017-11-17 06:29:14,1,0
263,#Bellameraki,4,2017-11-17 06:26:04,2017-11-17 06:29:14,1,0
264,#Lbcvivids,4,2017-11-17 06:26:04,2017-11-17 06:29:14,1,0
265,#Slurredandblurred,4,2017-11-17 06:26:04,2017-11-17 06:29:14,1,0
266,#socialMbookchat,4,2017-11-17 06:26:04,2017-11-17 06:29:14,1,0
267,#SMbookchat,4,2017-11-17 06:26:04,2017-11-17 06:29:14,1,0
268,#pathmaker,4,2017-11-17 06:26:04,2017-11-17 06:29:14,1,0
269,#CharismaQuota,4,2017-11-17 06:26:04,2017-11-17 06:29:14,1,0
270,#ResilienceQuota,4,2017-11-17 06:26:04,2017-11-17 06:29:14,1,0
271,#prettysmile,4,2017-11-17 06:26:04,2017-11-17 06:29:14,1,0
272,#fashionbeautiful,4,2017-11-17 06:26:04,2017-11-17 06:29:14,1,0
273,#textmessage,4,2017-11-17 06:26:04,2017-11-17 06:29:14,1,0
274,#fashionista,4,2017-11-17 06:26:04,2017-11-17 06:29:14,1,0
275,#bf,4,2017-11-17 06:26:04,2017-11-17 06:29:14,1,0
276,#masikakalysha,4,2017-11-17 06:26:04,2017-11-17 06:29:14,1,0
277,#truestory,4,2017-11-17 06:26:04,2017-11-17 06:29:14,1,0
278,#foodphotography,4,2017-11-17 06:26:04,2017-11-17 06:29:14,1,0
279,#trending,4,2017-11-17 06:26:04,2017-11-17 06:29:14,1,0
280,#weddingazerbaijan,4,2017-11-17 06:26:04,2017-11-17 06:29:14,1,0
281,#disposition,4,2017-11-17 06:26:04,2017-11-17 06:29:14,1,0
282,#fashionweek,4,2017-11-17 06:26:04,2017-11-17 06:29:14,1,0
283,#nochill,4,2017-11-17 06:26:04,2017-11-17 06:29:14,1,0
284,#ratchetpeoplemeet,4,2017-11-17 06:26:04,2017-11-17 06:29:14,1,0
285,#kyliejenner,4,2017-11-17 06:26:04,2017-11-17 06:29:14,1,0
286,#tinder,4,2017-11-17 06:26:04,2017-11-17 06:29:14,1,0
287,#rap,4,2017-11-17 06:26:04,2017-11-17 06:29:14,1,0
288,#williemoorejr,4,2017-11-17 06:26:04,2017-11-17 06:29:14,1,0
289,#foodstagram,4,2017-11-17 06:26:04,2017-11-17 06:29:14,1,0
290,#paddleboarding,4,2017-11-17 06:26:04,2017-11-17 06:29:14,1,0
291,#dead,4,2017-11-17 06:26:04,2017-11-17 06:29:14,1,0
292,#america,4,2017-11-17 06:26:04,2017-11-17 06:29:14,1,0
293,#curlyhairstyles,4,2017-11-17 06:26:04,2017-11-17 06:29:14,1,0
294,#zerofucksgiven,4,2017-11-17 06:26:04,2017-11-17 06:29:14,1,0
295,#bae,4,2017-11-17 06:26:04,2017-11-17 06:29:14,1,0
296,#fuckboy,4,2017-11-17 06:26:04,2017-11-17 06:29:14,1,0
297,#meme,4,2017-11-17 06:26:04,2017-11-17 06:29:14,1,0
298,#ogboombostic,4,2017-11-17 06:26:04,2017-11-17 06:29:14,1,0
299,#youngamericaspastor,4,2017-11-17 06:26:04,2017-11-17 06:29:14,1,0
300,#foodpic,4,2017-11-17 06:26:04,2017-11-17 06:29:14,1,0
301,#falling,4,2017-11-17 06:26:04,2017-11-17 06:29:14,1,0
302,#nofucksgiven,4,2017-11-17 06:26:04,2017-11-17 06:29:14,1,0
303,#morelovelesshate,4,2017-11-17 06:26:04,2017-11-17 06:29:14,1,0
304,#themepark,4,2017-11-17 06:26:04,2017-11-17 06:29:14,1,0
305,#lifequote,4,2017-11-17 06:26:04,2017-11-17 06:29:14,1,0
306,#baegoals,4,2017-11-17 06:26:04,2017-11-17 06:29:14,1,0
307,#fuckboys,4,2017-11-17 06:26:04,2017-11-17 06:29:14,1,0
308,#selfie,4,2017-11-17 06:26:04,2017-11-17 06:29:14,1,0
309,#quotekillahs,4,2017-11-17 06:26:04,2017-11-17 06:29:14,1,0
310,#seekgod,4,2017-11-17 06:26:04,2017-11-17 06:29:14,1,0
311,#foodpics,4,2017-11-17 06:26:04,2017-11-17 06:29:14,1,0
312,#summer,4,2017-11-17 06:26:04,2017-11-17 06:29:14,1,0
313,#clinger,4,2017-11-17 06:26:04,2017-11-17 06:29:14,1,0
314,#cute,4,2017-11-17 06:26:04,2017-11-17 06:29:14,1,0
315,#orlandoflorida,4,2017-11-17 06:26:04,2017-11-17 06:29:14,1,0
316,#lifequotes,4,2017-11-17 06:26:04,2017-11-17 06:29:14,1,0
317,#truthhurts,4,2017-11-17 06:26:04,2017-11-17 06:29:14,1,0
318,#pettyaf,4,2017-11-17 06:26:04,2017-11-17 06:29:14,1,0
319,#onlinedating,4,2017-11-17 06:26:04,2017-11-17 06:29:14,1,0
320,#kingofquotes,4,2017-11-17 06:26:04,2017-11-17 06:29:14,1,0
321,#terryderon,4,2017-11-17 06:26:04,2017-11-17 06:29:14,1,0
322,#instafood,4,2017-11-17 06:26:04,2017-11-17 06:29:14,1,0
323,#ocean,4,2017-11-17 06:26:04,2017-11-17 06:29:14,1,0
324,#dontcallmeillcallyou,4,2017-11-17 06:26:04,2017-11-17 06:29:14,1,0
325,#beautifullyblended,4,2017-11-17 06:26:04,2017-11-17 06:29:14,1,0
326,#relationshipquotes,4,2017-11-17 06:26:04,2017-11-17 06:29:14,1,0
327,#quotestoliveby,4,2017-11-17 06:26:04,2017-11-17 06:29:14,1,0
328,#smallest,4,2017-11-17 06:26:04,2017-11-17 06:29:14,1,0
329,#pettymemes,4,2017-11-17 06:26:04,2017-11-17 06:29:14,1,0
330,#help,4,2017-11-17 06:26:04,2017-11-17 06:29:14,1,0
331,#lhhhollywood,4,2017-11-17 06:26:04,2017-11-17 06:29:14,1,0
332,#movingon,4,2017-11-17 06:26:04,2017-11-17 06:29:14,1,0
333,#instalike,4,2017-11-17 06:26:04,2017-11-17 06:29:14,1,0
334,#butt,4,2017-11-17 06:26:04,2017-11-17 06:29:14,1,0
335,#psychobitchproblems,4,2017-11-17 06:26:04,2017-11-17 06:29:14,1,0
336,#blackandwhite,4,2017-11-17 06:26:04,2017-11-17 06:29:14,1,0
337,#bestvideo,4,2017-11-17 06:26:04,2017-11-17 06:29:14,1,0
338,#relationship,4,2017-11-17 06:26:04,2017-11-17 06:29:14,1,0
339,#honesty,4,2017-11-17 06:26:04,2017-11-17 06:29:14,1,0
340,#instastyle,4,2017-11-17 06:26:04,2017-11-17 06:29:14,1,0
341,#video,4,2017-11-17 06:26:04,2017-11-17 06:29:14,1,0
342,#lhhh,4,2017-11-17 06:26:04,2017-11-17 06:29:14,1,0
343,#exes,4,2017-11-17 06:26:04,2017-11-17 06:29:14,1,0
344,#instagood,4,2017-11-17 06:26:04,2017-11-17 06:29:14,1,0
345,#thick,4,2017-11-17 06:26:04,2017-11-17 06:29:14,1,0
346,#luxury,4,2017-11-17 06:26:04,2017-11-17 06:29:14,1,0
347,#men,4,2017-11-17 06:26:04,2017-11-17 06:29:14,1,0
348,#relatable,4,2017-11-17 06:26:04,2017-11-17 06:29:14,1,0
349,#breakup,4,2017-11-17 06:26:04,2017-11-17 06:29:14,1,0
350,#texting,4,2017-11-17 06:26:04,2017-11-17 06:29:14,1,0
351,#instafashion,4,2017-11-17 06:26:04,2017-11-17 06:29:14,1,0
352,#crazy,4,2017-11-17 06:26:04,2017-11-17 06:29:14,1,0
353,#rayj,4,2017-11-17 06:26:04,2017-11-17 06:29:14,1,0
354,#exesbelike,4,2017-11-17 06:26:04,2017-11-17 06:29:14,1,0
355,#instayummy,4,2017-11-17 06:26:04,2017-11-17 06:29:14,1,0
356,#thicc,4,2017-11-17 06:26:04,2017-11-17 06:29:14,1,0
357,#baku,4,2017-11-17 06:26:04,2017-11-17 06:29:14,1,0
358,#confidence,4,2017-11-17 06:26:04,2017-11-17 06:29:14,1,0
359,#strongman,4,2017-11-17 06:26:04,2017-11-17 06:29:14,1,0
360,#brokenheart,4,2017-11-17 06:26:04,2017-11-17 06:29:14,1,0
361,#raggedy,4,2017-11-17 06:26:04,2017-11-17 06:29:14,1,0
362,#instagramanet,4,2017-11-17 06:26:04,2017-11-17 06:29:14,1,0
363,#ex,4,2017-11-17 06:26:04,2017-11-17 06:29:14,1,0
364,#princesslove,4,2017-11-17 06:26:04,2017-11-17 06:29:14,1,0
365,#romance,4,2017-11-17 06:26:04,2017-11-17 06:29:14,1,0
366,#igfood,4,2017-11-17 06:26:04,2017-11-17 06:29:14,1,0
367,#savage,4,2017-11-17 06:26:04,2017-11-17 06:29:14,1,0
368,#azerbaijan,4,2017-11-17 06:26:04,2017-11-17 06:29:14,1,0
369,#centered,4,2017-11-17 06:26:04,2017-11-17 06:29:14,1,0
370,#worldstar,4,2017-11-17 06:26:04,2017-11-17 06:29:14,1,0
371,#single,4,2017-11-17 06:26:04,2017-11-17 06:29:14,1,0
372,#tabernacle,4,2017-11-17 06:26:04,2017-11-17 06:29:14,1,0
373,#instatag,4,2017-11-17 06:26:04,2017-11-17 06:29:14,1,0
374,#psychic,4,2017-11-17 06:26:04,2017-11-17 06:29:14,1,0
375,#lilfizz,4,2017-11-17 06:26:04,2017-11-17 06:29:14,1,0
376,#nolie,4,2017-11-17 06:26:04,2017-11-17 06:29:14,1,0
377,#photooftheday,4,2017-11-17 06:26:04,2017-11-17 06:29:14,1,0
378,#bro,4,2017-11-17 06:26:04,2017-11-17 06:29:14,1,0
379,#bestcouple,4,2017-11-17 06:26:04,2017-11-17 06:29:14,1,0
380,#masculine,4,2017-11-17 06:26:04,2017-11-17 06:29:14,1,0
381,#ponytail,4,2017-11-17 06:26:04,2017-11-17 06:29:14,1,0
382,#beauty,4,2017-11-17 06:26:04,2017-11-17 06:29:14,1,0
383,#lies,4,2017-11-17 06:26:04,2017-11-17 06:29:14,1,0
384,#fashion,4,2017-11-17 06:26:04,2017-11-17 06:29:14,1,0
385,#gf,4,2017-11-17 06:26:04,2017-11-17 06:29:14,1,0
386,#keyshiacole,4,2017-11-17 06:26:04,2017-11-17 06:29:14,1,0
387,#wordstoliveby,4,2017-11-17 06:26:04,2017-11-17 06:29:14,1,0
388,#foodphotograph,4,2017-11-17 06:26:04,2017-11-17 06:29:14,1,0
389,#sexy,4,2017-11-17 06:26:04,2017-11-17 06:29:14,1,0
390,#happiness,4,2017-11-17 06:26:04,2017-11-17 06:29:14,1,0
391,#temperament,4,2017-11-17 06:26:04,2017-11-17 06:29:14,1,0
392,#youtuber,4,2017-11-17 06:26:04,2017-11-17 06:29:14,1,0
393,#interracialdatingsite,4,2017-11-17 06:26:04,2017-11-17 06:29:14,1,0
394,#relationshipproblems,4,2017-11-17 06:26:04,2017-11-17 06:29:14,1,0
395,#fashionblogger,4,2017-11-17 06:26:04,2017-11-17 06:29:14,1,0
396,#relationships,4,2017-11-17 06:26:04,2017-11-17 06:29:14,1,0
397,#teairramari,4,2017-11-17 06:26:04,2017-11-17 06:29:14,1,0
398,#benaffleck,4,2017-11-17 06:26:04,2017-11-17 06:29:14,1,0
399,#photography,4,2017-11-17 06:26:04,2017-11-17 06:29:14,1,0
400,#bitchesbelike,4,2017-11-17 06:26:04,2017-11-17 06:29:14,1,0
401,#bride,4,2017-11-17 06:26:04,2017-11-17 06:29:14,1,0
402,#mind,4,2017-11-17 06:26:04,2017-11-17 06:29:14,1,0
403,#lovequotes,4,2017-11-17 06:26:04,2017-11-17 06:29:14,1,0
404,#interracialdating,4,2017-11-17 06:26:04,2017-11-17 06:29:14,1,0
405,#accurate,4,2017-11-17 06:26:04,2017-11-17 06:29:14,1,0
406,#girl,4,2017-11-17 06:26:04,2017-11-17 06:29:14,1,0
407,#girlfriend,4,2017-11-17 06:26:04,2017-11-17 06:29:14,1,0
408,#loveandhiphop,4,2017-11-17 06:26:04,2017-11-17 06:29:14,1,0
409,#newyork,4,2017-11-17 06:26:04,2017-11-17 06:29:14,1,0
410,#vscofood,4,2017-11-17 06:26:04,2017-11-17 06:29:14,1,0
411,#niggasbelike,4,2017-11-17 06:26:04,2017-11-17 06:29:14,1,0
412,#groom,4,2017-11-17 06:26:04,2017-11-17 06:29:14,1,0
413,#spirit,4,2017-11-17 06:26:04,2017-11-17 06:29:14,1,0
414,#engagementring,4,2017-11-17 06:26:04,2017-11-17 06:29:14,1,0
415,#interracialrelationships,4,2017-11-17 06:26:04,2017-11-17 06:29:14,1,0
416,#location,4,2017-11-17 06:26:04,2017-11-17 06:29:14,1,0
417,#dance,4,2017-11-17 06:26:04,2017-11-17 06:29:14,1,0
418,#healing,4,2017-11-17 06:26:04,2017-11-17 06:29:14,1,0
419,#lyricaanderson,4,2017-11-17 06:26:04,2017-11-17 06:29:14,1,0
420,#celebrity,4,2017-11-17 06:26:04,2017-11-17 06:29:14,1,0
421,#vsco,4,2017-11-17 06:26:04,2017-11-17 06:29:14,1,0
422,#lmao,4,2017-11-17 06:26:04,2017-11-17 06:29:14,1,0
423,#luxcouple,4,2017-11-17 06:26:04,2017-11-17 06:29:14,1,0
424,#character,4,2017-11-17 06:26:04,2017-11-17 06:29:14,1,0
425,#proposal,4,2017-11-17 06:26:04,2017-11-17 06:29:14,1,0
426,#blackwomendatingwhitemen,4,2017-11-17 06:26:04,2017-11-17 06:29:14,1,0
427,#psychics,4,2017-11-17 06:26:04,2017-11-17 06:29:14,1,0
428,#instadance,4,2017-11-17 06:26:04,2017-11-17 06:29:14,1,0
429,#medium,4,2017-11-17 06:26:04,2017-11-17 06:29:14,1,0
430,#alexissky,4,2017-11-17 06:26:04,2017-11-17 06:29:14,1,0
431,#relationshipadvice,4,2017-11-17 06:26:04,2017-11-17 06:29:14,1,0
432,#vscocam,4,2017-11-17 06:26:04,2017-11-17 06:29:14,1,0
433,#petty,4,2017-11-17 06:26:04,2017-11-17 06:29:14,1,0
434,#azeriwedding,4,2017-11-17 06:26:04,2017-11-17 06:29:14,1,0
435,#attraction,4,2017-11-17 06:26:04,2017-11-17 06:29:14,1,0
436,#hookup,4,2017-11-17 06:26:04,2017-11-17 06:29:14,1,0
437,#whitewomenwholoveblackmen,4,2017-11-17 06:26:04,2017-11-17 06:29:14,1,0
438,#lovespells,4,2017-11-17 06:26:04,2017-11-17 06:29:14,1,0
439,#girlsgeneration,4,2017-11-17 06:26:04,2017-11-17 06:29:14,1,0
440,#psychicreading,4,2017-11-17 06:26:04,2017-11-17 06:29:14,1,0
441,#monieceslaughter,4,2017-11-17 06:26:04,2017-11-17 06:29:14,1,0
442,#imjustsaying,4,2017-11-17 06:26:04,2017-11-17 06:29:14,1,0
443,#like4like,4,2017-11-17 06:26:04,2017-11-17 06:29:14,1,0
444,#lmfao,4,2017-11-17 06:26:04,2017-11-17 06:29:14,1,0
445,#aztagram,4,2017-11-17 06:26:04,2017-11-17 06:29:14,1,0
446,#communication,4,2017-11-17 06:26:04,2017-11-17 06:29:14,1,0
447,#takeaknee,4,2017-11-17 06:26:04,2017-11-17 06:29:14,1,0
448,#whitewomenseekingblackmen,4,2017-11-17 06:26:04,2017-11-17 06:29:14,1,0
449,#soulmates,4,2017-11-17 06:26:04,2017-11-17 06:29:14,1,0
450,#girlsday,4,2017-11-17 06:26:04,2017-11-17 06:29:14,1,0
451,#horoscope,4,2017-11-17 06:26:04,2017-11-17 06:29:14,1,0
452,#niariley,4,2017-11-17 06:26:04,2017-11-17 06:29:14,1,0
453,#truelove,4,2017-11-17 06:26:04,2017-11-17 06:29:14,1,0
454,#lifestyleno,4,2017-11-17 06:26:04,2017-11-17 06:29:14,1,0
455,#lolwho,4,2017-11-17 06:26:04,2017-11-17 06:29:14,1,0
456,#weddingcake,4,2017-11-17 06:26:04,2017-11-17 06:29:14,1,0
457,#marriage,4,2017-11-17 06:26:04,2017-11-17 06:29:14,1,0
458,#wedding,4,2017-11-17 06:26:04,2017-11-17 06:29:14,1,0
459,#interracialcouples,4,2017-11-17 06:26:04,2017-11-17 06:29:14,1,0
460,#twinflame,4,2017-11-17 06:26:04,2017-11-17 06:29:14,1,0
461,#girlsbestfriend,4,2017-11-17 06:26:04,2017-11-17 06:29:14,1,0
462,#astrology,4,2017-11-17 06:26:04,2017-11-17 06:29:14,1,0
463,#hazele,4,2017-11-17 06:26:04,2017-11-17 06:29:14,1,0
464,#reallytho,4,2017-11-17 06:26:04,2017-11-17 06:29:14,1,0
465,#multiracial,4,2017-11-17 06:26:04,2017-11-17 06:29:14,1,0
466,#ohhoney,4,2017-11-17 06:26:04,2017-11-17 06:29:14,1,0
467,#weddingdress,4,2017-11-17 06:26:04,2017-11-17 06:29:14,1,0
468,#success,4,2017-11-17 06:26:04,2017-11-17 06:29:14,1,0
469,#babybump,4,2017-11-17 06:26:04,2017-11-17 06:29:14,1,0
470,#bwwm,4,2017-11-17 06:26:04,2017-11-17 06:29:14,1,0
471,#cheater,4,2017-11-17 06:26:04,2017-11-17 06:29:14,1,0
472,#girlsnight,4,2017-11-17 06:26:04,2017-11-17 06:29:14,1,0
473,#me,4,2017-11-17 06:26:04,2017-11-17 06:29:14,1,0
474,#brookevalentine,4,2017-11-17 06:26:04,2017-11-17 06:29:14,1,0
475,#truthbetold,4,2017-11-17 06:26:04,2017-11-17 06:29:14,1,0
476,#multicuisine,4,2017-11-17 06:26:04,2017-11-17 06:29:14,1,0
477,#youthought,4,2017-11-17 06:26:04,2017-11-17 06:29:14,1,0
478,#singlelife,4,2017-11-17 06:26:04,2017-11-17 06:29:14,1,0
479,#coachcoreywayne,4,2017-11-17 06:26:04,2017-11-17 06:29:14,1,0
480,#dankmemes,4,2017-11-17 06:26:04,2017-11-17 06:29:14,1,0
481,#wwbm,4,2017-11-17 06:26:04,2017-11-17 06:29:14,1,0
482,#lost,4,2017-11-17 06:26:04,2017-11-17 06:29:14,1,0
483,#beautiful,4,2017-11-17 06:26:04,2017-11-17 06:29:14,1,0
484,#bigsean,4,2017-11-17 06:26:04,2017-11-17 06:29:14,1,0
485,#lovelife,4,2017-11-17 06:26:04,2017-11-17 06:29:14,1,0
486,#straightup,4,2017-11-17 06:26:04,2017-11-17 06:29:14,1,0
487,#mixed,4,2017-11-17 06:26:04,2017-11-17 06:29:14,1,0
488,#female,4,2017-11-17 06:26:04,2017-11-17 06:29:14,1,0
489,#bridesmaids,4,2017-11-17 06:26:04,2017-11-17 06:29:14,1,0
490,#heartbroken,4,2017-11-17 06:26:04,2017-11-17 06:29:14,1,0
491,#memes,4,2017-11-17 06:26:04,2017-11-17 06:29:14,1,0
492,#interracialmarriage,4,2017-11-17 06:26:04,2017-11-17 06:29:14,1,0
493,#screenshotthis,4,2017-11-17 06:26:04,2017-11-17 06:29:14,1,0
494,#lady,4,2017-11-17 06:26:04,2017-11-17 06:29:14,1,0
495,#jheneaiko,4,2017-11-17 06:26:04,2017-11-17 06:29:14,1,0
496,#safaree,4,2017-11-17 06:26:04,2017-11-17 06:29:14,1,0
497,#factsonly,4,2017-11-17 06:26:04,2017-11-17 06:29:14,1,0
498,#mixedrelationship,4,2017-11-17 06:26:04,2017-11-17 06:29:14,1,0
499,#bitch,4,2017-11-17 06:26:04,2017-11-17 06:29:14,1,0
500,#blackwomendating,4,2017-11-17 06:26:04,2017-11-17 06:29:14,1,0
501,#itsover,4,2017-11-17 06:26:04,2017-11-17 06:29:14,1,0
502,#memeoftheday,4,2017-11-17 06:26:04,2017-11-17 06:29:14,1,0
503,#datinglife,4,2017-11-17 06:26:04,2017-11-17 06:29:14,1,0
504,#kermit,4,2017-11-17 06:26:04,2017-11-17 06:29:14,1,0
505,#ladies,4,2017-11-17 06:26:04,2017-11-17 06:29:14,1,0
506,#tattoo,4,2017-11-17 06:26:04,2017-11-17 06:29:14,1,0
507,#nikkimudarris,4,2017-11-17 06:26:04,2017-11-17 06:29:14,1,0
508,#worstfeeling,4,2017-11-17 06:26:04,2017-11-17 06:29:14,1,0
509,#mixeddating,4,2017-11-17 06:26:04,2017-11-17 06:29:14,1,0
510,#fuckgirls,4,2017-11-17 06:26:04,2017-11-17 06:29:14,1,0
511,#mixedfamily,4,2017-11-17 06:26:04,2017-11-17 06:29:14,1,0
512,#usher,4,2017-11-17 06:26:04,2017-11-17 06:29:14,1,0
513,#picoftheday,4,2017-11-17 06:26:04,2017-11-17 06:29:14,1,0
514,#interracialcouple,4,2017-11-17 06:26:04,2017-11-17 06:29:14,1,0
515,#crazybitch,4,2017-11-17 06:26:04,2017-11-17 06:29:14,1,0
516,#russianwomen,4,2017-11-17 06:26:04,2017-11-17 06:29:14,1,0
517,#tat,4,2017-11-17 06:26:04,2017-11-17 06:29:14,1,0
518,#trust,4,2017-11-17 06:26:04,2017-11-17 06:29:14,1,0
519,#lonely,4,2017-11-17 06:26:04,2017-11-17 06:29:14,1,0
520,#teamswirl,4,2017-11-17 06:26:04,2017-11-17 06:29:14,1,0
521,#no,4,2017-11-17 06:26:04,2017-11-17 06:29:14,1,0
522,#interracialromance,4,2017-11-17 06:26:04,2017-11-17 06:29:14,1,0
523,#musician,4,2017-11-17 06:26:04,2017-11-17 06:29:14,1,0
524,#fancy,4,2017-11-17 06:26:04,2017-11-17 06:29:14,1,0
525,#whitemenlookingforblackwomen,4,2017-11-17 06:26:04,2017-11-17 06:29:14,1,0
526,#nyc,4,2017-11-17 06:26:04,2017-11-17 06:29:14,1,0
527,#swag,4,2017-11-17 06:26:04,2017-11-17 06:29:14,1,0
528,#jhene,4,2017-11-17 06:26:04,2017-11-17 06:29:14,1,0
529,#respect,4,2017-11-17 06:26:04,2017-11-17 06:29:14,1,0
530,#trustissues,4,2017-11-17 06:26:04,2017-11-17 06:29:14,1,0
531,#couple,4,2017-11-17 06:26:04,2017-11-17 06:29:14,1,0
532,#feels,4,2017-11-17 06:26:04,2017-11-17 06:29:14,1,0
533,#lovehasnocolor,4,2017-11-17 06:26:04,2017-11-17 06:29:14,1,0
534,#recordingartist,4,2017-11-17 06:26:04,2017-11-17 06:29:14,1,0
535,#ring,4,2017-11-17 06:26:04,2017-11-17 06:29:14,1,0
536,#wmbw,4,2017-11-17 06:26:04,2017-11-17 06:29:14,1,0
537,#la,4,2017-11-17 06:26:04,2017-11-17 06:29:14,1,0
538,#hot,4,2017-11-17 06:26:04,2017-11-17 06:29:14,1,0
539,#sean,4,2017-11-17 06:26:04,2017-11-17 06:29:14,1,0
540,#realtalk,4,2017-11-17 06:26:04,2017-11-17 06:29:14,1,0
541,#breakups,4,2017-11-17 06:26:04,2017-11-17 06:29:14,1,0
542,#interracial,4,2017-11-17 06:26:04,2017-11-17 06:29:14,1,0
543,#nottodaysatan,4,2017-11-17 06:26:04,2017-11-17 06:29:14,1,0
544,#unity,4,2017-11-17 06:26:04,2017-11-17 06:29:14,1,0
545,#tmz,4,2017-11-17 06:26:04,2017-11-17 06:29:14,1,0
546,#jewlery,4,2017-11-17 06:26:04,2017-11-17 06:29:14,1,0
547,#swirl,4,2017-11-17 06:26:04,2017-11-17 06:29:14,1,0
548,#screenshot,4,2017-11-17 06:26:04,2017-11-17 06:29:14,1,0
549,#???????,4,2017-11-17 06:26:04,2017-11-17 06:29:14,1,0
550,#boyfriendandgirlfriend,4,2017-11-17 06:26:04,2017-11-17 06:29:14,1,0
551,#facts,4,2017-11-17 06:26:04,2017-11-17 06:29:14,1,0
552,#interraciallove,4,2017-11-17 06:26:04,2017-11-17 06:29:14,1,0
553,#iggyazalea,4,2017-11-17 06:26:04,2017-11-17 06:29:14,1,0
554,#sarcasm,4,2017-11-17 06:26:04,2017-11-17 06:29:14,1,0
555,#diversity,4,2017-11-17 06:26:04,2017-11-17 06:29:14,1,0
556,#jokes,4,2017-11-17 06:26:04,2017-11-17 06:29:14,1,0
557,#diamond,4,2017-11-17 06:26:04,2017-11-17 06:29:14,1,0
558,#mixedrace,4,2017-11-17 06:26:04,2017-11-17 06:29:14,1,0
559,#sf,4,2017-11-17 06:26:04,2017-11-17 06:29:14,1,0
560,#????????,4,2017-11-17 06:26:04,2017-11-17 06:29:14,1,0
561,#sweetcheeks,4,2017-11-17 06:26:04,2017-11-17 06:29:14,1,0
562,#loyalty,4,2017-11-17 06:26:04,2017-11-17 06:29:14,1,0
563,#interracialrelationship,4,2017-11-17 06:26:04,2017-11-17 06:29:14,1,0
564,#iggy,4,2017-11-17 06:26:04,2017-11-17 06:29:14,1,0
565,#notfeelingit,4,2017-11-17 06:26:04,2017-11-17 06:29:14,1,0
566,#equality,4,2017-11-17 06:26:04,2017-11-17 06:29:14,1,0
567,#icecream,4,2017-11-17 06:26:04,2017-11-17 06:29:14,1,0
568,#diamonds,4,2017-11-17 06:26:04,2017-11-17 06:29:14,1,0
569,#mixednation,4,2017-11-17 06:26:04,2017-11-17 06:29:14,1,0
570,#pi,4,2017-11-17 06:26:04,2017-11-17 06:29:14,1,0
571,#love,4,2017-11-17 06:26:04,2017-11-17 06:29:14,1,0
572,#twenty88,4,2017-11-17 06:26:04,2017-11-17 06:29:14,1,0
573,#rosaacosta,4,2017-11-17 06:26:04,2017-11-17 06:29:14,1,0
574,#whitewomenlookingforblackmen,4,2017-11-17 06:26:04,2017-11-17 06:29:14,1,0
575,#famous,4,2017-11-17 06:26:04,2017-11-17 06:29:14,1,0
576,#next,4,2017-11-17 06:26:04,2017-11-17 06:29:14,1,0
577,#eracism,4,2017-11-17 06:26:04,2017-11-17 06:29:14,1,0
578,#foodporn,4,2017-11-17 06:26:04,2017-11-17 06:29:14,1,0
579,#fitmom,4,2017-11-17 06:26:04,2017-11-17 06:29:14,1,0
580,#chloegracemoretz,4,2017-11-17 06:26:04,2017-11-17 06:29:14,1,0
581,#sandiego,4,2017-11-17 06:26:04,2017-11-17 06:29:14,1,0
582,#hope,4,2017-11-17 06:26:04,2017-11-17 06:29:14,1,0
583,#trip,4,2017-11-17 06:26:04,2017-11-17 06:29:14,1,0
584,#message,4,2017-11-17 06:26:04,2017-11-17 06:29:14,1,0
585,#blackwomenseekingwhitemen,4,2017-11-17 06:26:04,2017-11-17 06:29:14,1,0
586,#bathingsuit,4,2017-11-17 06:26:04,2017-11-17 06:29:14,1,0
587,#sorrynotsorry,4,2017-11-17 06:26:04,2017-11-17 06:29:14,1,0
588,#antiracism,4,2017-11-17 06:26:04,2017-11-17 06:29:14,1,0
589,#funnypost,4,2017-11-17 06:26:04,2017-11-17 06:29:14,1,0
590,#follow,4,2017-11-17 06:26:04,2017-11-17 06:29:14,1,0
591,#brooklynbeckham,4,2017-11-17 06:26:04,2017-11-17 06:29:14,1,0
592,#khloekardashian,4,2017-11-17 06:26:04,2017-11-17 06:29:14,1,0
593,#soulmate,4,2017-11-17 06:26:04,2017-11-17 06:29:14,1,0
594,#hiphop,4,2017-11-17 06:26:04,2017-11-17 06:29:14,1,0
595,#family,4,2017-11-17 06:26:04,2017-11-17 06:29:14,1,0
596,#bmww,4,2017-11-17 06:26:04,2017-11-17 06:29:14,1,0
597,#bikini,4,2017-11-17 06:26:04,2017-11-17 06:29:14,1,0
598,#ifeelnothing,4,2017-11-17 06:26:04,2017-11-17 06:29:14,1,0
599,#usa,4,2017-11-17 06:26:04,2017-11-17 06:29:14,1,0
600,#complicated,4,2017-11-17 06:26:04,2017-11-17 06:29:14,1,0
